pname,pmass,pradius
CoRoT-8 b,69.92215999999999,6.389129999999999
CoRoT-12 b,291.44827599999996,16.14096
CoRoT-18 b,1102.8631599999999,14.68379
Kepler-138 c,1.9705335999999998,1.199363
HD 97658 b,8.883292599999999,2.35389
HAT-P-36 b,587.4097095999999,14.313892999999998
Kepler-25 b,8.740269999999999,2.746205
Kepler-18 d,16.527055999999998,6.983207
Kepler-31 d,2161.2304,3.9007319999999996
Ross 458 c,1906.9679999999998,14.01125
Kepler-223 d,7.999730759999999,5.234603
Kepler-87 c,6.35656,6.142532
TOI-561 d,11.9503328,2.533234
KELT-9 b,915.3446399999999,21.196219
Qatar-9 b,378.21531999999996,11.309880999999999
KELT-21 b,1242.70748,17.777474
HATS-29 b,207.541684,14.022458999999998
CoRoT-26 b,165.27056,14.123339999999999
Kepler-56 c,181.16195999999997,9.796666
WASP-4 b,376.94400799999994,14.807089
WASP-133 b,368.68047999999993,13.56289
WASP-139 b,37.185876,8.9672
WASP-87 b,692.86504,15.524465
HATS-37 A b,31.464972,6.792654
HD 202772 A b,323.2310759999999,17.317905
HATS-1 b,589.57094,14.594118
Kepler-48 c,14.610553159999998,2.7125779999999997
Kepler-47 b,2.06906028,3.048848
Qatar-1 b,411.269432,12.811887
WASP-59 b,274.28556399999997,8.686975
K2-31 b,563.826872,11.88154
WASP-175 b,314.64971999999995,13.540472
TOI-157 b,375.03703999999993,14.414774
WASP-153 b,123.95291999999999,17.37395
WASP-123 b,285.727372,14.773462
HAT-P-40 b,152.55743999999999,17.037679999999998
Kepler-93 b,4.5449404,1.56926
Kepler-113 b,11.759635999999999,1.815858
K2-10 b,26.999488599999996,3.844687
Kepler-289 b,7.3100439999999995,2.152128
Kepler-305 b,10.488324,3.598089
Kepler-328 c,39.410672,5.402737999999999
WASP-74 b,228.83615999999998,15.244240000000001
HR 2562 b,9534.84,12.44199
WASP-178 b,527.59448,20.28829
TOI-1899 b,209.76648,12.890349999999998
HD 1397 b,131.89862,11.500434
HATS-24 b,718.2912799999999,15.636555
Kepler-23 c,858.1356,3.1945649999999994
Kepler-107 b,3.5088211199999995,1.535633
K2-237 b,392.835408,18.405178
K2-266 c,0.28922348,0.706167
HATS-31 b,279.68863999999996,18.382759999999998
TOI-1130 c,309.56447199999997,16.813499999999998
WASP-151 b,98.52667999999998,12.66617
K2-39 b,28.604519999999997,6.27704
K2-38 c,9.900342199999999,2.421144
CoRoT-23 b,889.9183999999999,11.76945
Kepler-21 b,5.07889144,1.6365139999999998
Kepler-77 b,136.66603999999998,10.760639999999999
2MASS J02192210-3925225 b,4417.8092,16.14096
HAT-P-52 b,259.983304,11.309880999999999
Kepler-417 b,11.12398,2.3090539999999997
WASP-66 b,746.8958,15.692599999999999
KELT-4 A b,286.680856,19.044091
TOI-216.01,199.99962555999997,11.287462999999999
HATS-38 b,23.519271999999997,6.882326
HAT-P-43 b,210.40213599999998,14.358728999999999
KELT-14 b,408.09115199999997,19.537287
HR 8799 e,3178.2799999999997,13.114529999999998
Kepler-9 c,29.901258239999997,8.081688999999999
Kepler-62 e,35.914564,1.6140959999999998
TrES-5 b,568.91212,13.383545999999999
WASP-34 b,177.98368,11.209
WASP-46 b,607.05148,13.159365999999999
WISEP J121756.91+162640.2 A b,6992.215999999999,10.469206
TOI-172 b,1722.6277599999999,10.816685
Kepler-131 b,16.209227999999996,2.409935
Kepler-411 c,26.398793679999997,4.416346
Kepler-79 b,10.901500399999998,3.47479
Kepler-35 b,40.364155999999994,8.160152
Kepler-62 f,34.961079999999995,1.412334
OGLE-TR-56 b,441.7809199999999,15.277866999999999
Kepler-47 d,19.01882752,7.039251999999999
WASP-190 b,317.828,12.890349999999998
WASP-114 b,562.2377319999999,15.008851
HAT-P-70 b,2154.8738399999997,20.96083
GJ 9827 d,4.03959388,2.01762
CoRoT-24 c,27.968863999999996,4.93196
Kepler-103 b,9.852668,3.373909
KELT-15 b,416.35468,19.50366
WASP-135 b,603.8731999999999,14.5717
Kepler-277 c,64.201256,3.3627
GJ 1132 b,1.6590621599999997,1.132109
Kepler-350 d,14.937916,2.80225
KELT-7 b,441.7809199999999,17.9344
HATS-69 b,183.38675599999996,10.592505
HATS-71 b,117.59635999999999,11.478016
AU Mic b,57.209039999999995,4.203374999999999
NGTS-5 b,72.782612,12.733423999999998
HAT-P-9 b,238.053172,15.614137
CoRoT-13 b,415.719024,9.919965
HAT-P-45 b,283.502576,15.984034
Kepler-20 b,9.700110559999999,1.871903
HR 8799 b,2224.796,13.4508
Kepler-102 c,3.00029632,0.5828679999999999
Kepler-11 b,1.906968,1.804649
Kepler-34 b,69.92215999999999,8.563676
Kepler-412 b,299.07614799999993,15.031269
WASP-56 b,143.02259999999998,10.53646
K2-290 b,10.901500399999998,3.060057
K2-266 b,11.2670026,3.2954459999999997
WASP-136 b,479.92028,15.468419999999998
K2-36 b,3.8997495599999996,1.434752
TRAPPIST-1 g,1.3412341599999997,1.132109
HN Peg b,6991.802823599999,11.780658999999998
Kepler-282 d,61.022976,2.454771
Kepler-539 b,308.29315999999994,8.373123
HATS-68 b,409.99812,13.809488
TOI-163 b,387.75015999999994,16.690201000000002
Kepler-595 c,3.29905464,1.00881
WASP-171 b,344.525552,10.98482
Qatar-4 b,1938.7507999999998,12.722215
Kepler-6 b,212.309104,14.616536
HD 219134 d,16.17108864,1.6140959999999998
WASP-1 b,271.42511199999996,16.622947
WASP-83 b,95.34839999999998,11.65736
WASP-69 b,92.17011999999998,12.44199
WASP-129 b,317.828,10.42437
HAT-P-69 b,1137.82424,18.786284
K2-146 b,5.77175648,2.051247
K2-287 b,100.11582,9.494022999999999
HATS-56 b,191.33245599999998,18.920792
CoRoT-25 b,85.81356,12.10572
KELT-1 b,8654.45644,12.44199
Kepler-53 c,5002.61272,3.1721469999999994
WASP-41 b,270.1538,12.3299
WASP-47 b,363.09624204,12.632543
HATS-65 b,260.936788,16.824709
HATS-40 b,505.34652,17.71022
WASP-127 b,52.3462716,14.694999
L 98-59 b,1.01069304,0.7958389999999999
K2-285 e,10.701268759999998,1.9503659999999998
HATS-15 b,689.6867599999999,12.385945
HR 8799 d,3178.2799999999997,13.4508
Kepler-425 b,79.457,10.962401999999999
Lupus-TR-3 b,257.44068,9.97601
WASP-37 b,572.0903999999999,13.002439999999998
Kepler-595 b,17.401083,3.710179
WASP-62 b,165.27056,14.79588
K2-265 b,6.54090024,1.714977
HATS-72 b,39.8556312,8.092898
HD 15337 b,7.51027564,1.6365139999999998
L 98-59 c,2.4186710799999998,1.3450799999999998
K2-36 c,7.799499119999999,3.1945649999999994
WASP-186 b,1341.2341599999997,12.44199
Kepler-30 c,638.8342799999999,12.296273
2MASS J21402931+1625183 A b,6658.4965999999995,10.31228
HAT-P-56 b,734.18268,16.92559
Kepler-276 d,16.209227999999996,2.80225
Qatar-5 b,1373.01696,12.408363
WASP-183 b,159.549656,16.47723
HAT-P-20 b,2302.981688,9.718202999999999
Kepler-128 c,0.8994532399999999,1.3450799999999998
55 Cnc e,8.07918776,1.9055300000000002
Kepler-12 b,137.301696,19.660586
WASP-173 A b,1172.78532,13.4508
TOI-849 b,39.08966572,3.441163
GJ 3470 b,13.898618439999998,4.573271999999999
Kepler-45 b,160.50314,10.760639999999999
Kepler-49 b,311.47144,2.7237869999999997
WASP-15 b,171.62712,15.804689999999999
WASP-88 b,133.48775999999998,16.36514
WASP-103 b,473.56371999999993,17.127352
WASP-104 b,404.27721599999995,12.744633
TOI-763 b,9.789102399999999,2.275427
NGTS-11 b,109.33283199999998,9.157753
TOI-892 b,301.93659999999994,11.99363
HAT-P-17 b,184.34023999999997,11.76945
Kepler-223 e,4.7992028,4.595689999999999
KOI-1783.01,70.99959692,8.85511
HATS-25 b,194.82856399999997,14.123339999999999
HAT-P-30 b,263.79724,16.14096
HAT-P-53 b,471.656752,14.773462
Kepler-63 b,120.138984,6.108905
Kepler-418 b,349.6108,13.4508
WASP-60 b,174.8054,9.86392
TOI-1338 b,33.00008124,6.848699
Qatar-3 b,1369.8386799999998,12.285064
Kepler-131 c,8.263527999999999,0.840675
POTS-1 b,734.18268,10.547668999999999
WASP-68 b,343.25424,14.79588
WASP-77 A b,727.82612,15.468419999999998
HD 136352 c,11.28925056,2.611697
TOI-1235 b,6.909580719999999,1.737395
Kepler-1647 b,482.99685503999996,11.870330999999998
GJ 1214 b,6.261211599999999,2.847086
Kepler-4 b,24.472755999999997,4.001613
Kepler-435 b,266.97551999999996,22.30591
Kepler-428 b,403.64155999999997,12.10572
WASP-23 b,280.959952,10.783057999999999
WASP-98 b,293.037416,12.823095999999998
WASP-94 A b,158.914,17.71022
HAT-P-68 b,230.10747199999997,12.016048
HAT-P-65 b,167.495356,21.18501
WASP-131 b,85.81356,13.67498
LHS 1815 b,8.698952359999998,1.087273
TOI-1266 b,13.501333439999998,2.365099
HATS-23 b,467.20715999999993,20.84874
TOI-1266 c,2.1993697599999997,1.558051
Kepler-138 d,0.63883428,1.210572
Kepler-32 c,158.914,1.995202
Kepler-102 f,5.199666079999999,0.8855109999999999
Kepler-11 c,2.8604519999999996,2.869504
Kepler-57 c,2208.9046,1.546842
OGLE-TR-10 b,197.05335999999997,14.01125
Kepler-350 c,6.0387319999999995,3.104893
WASP-54 b,187.51851999999997,17.71022
TOI-564 b,464.98236399999996,11.43318
WASP-147 b,87.4027,12.498035
TOI-150.01,797.7482799999999,14.067294999999998
HAT-P-16 b,1332.6528039999998,14.448400999999999
Kepler-23 b,254.26239999999999,1.9055300000000002
Kepler-79 d,6.0387319999999995,7.162551
Kepler-107 e,8.600425679999999,2.903131
Kepler-15 b,209.76648,10.760639999999999
KELT-8 b,209.76648,18.15858
WASP-19 b,339.75813199999993,15.602927999999999
WASP-10 b,1001.1581999999999,12.10572
WTS-1 b,1274.4902799999998,16.70141
HATS-62 b,56.891211999999996,11.825494999999998
WASP-118 b,163.36359199999998,16.14096
WASP-93 b,467.20715999999993,17.900772999999997
HATS-34 b,299.07614799999993,16.028869999999998
HATS-59 b,256.169368,12.621334
HATS-54 b,241.54927999999998,11.960002999999999
CoRoT-17 b,772.32204,11.43318
KOI-94 d,106.154552,11.265044999999999
Kepler-106 d,8.10143572,0.9527650000000001
Kepler-107 c,9.388639119999999,1.5916779999999997
Kepler-8 b,187.51851999999997,15.871944
Kepler-47 c,3.16874516,4.6517349999999995
Kepler-59 b,651.5473999999999,1.098482
HATS-13 b,172.580604,13.585308
OGLE-TR-182 b,321.00628,12.66617
WASP-17 b,247.90583999999998,20.96083
WASP-50 b,466.8257664,13.069693999999998
Kepler-462 c,6.00059264,4.001613
WASP-105 b,572.0903999999999,10.760639999999999
HATS-28 b,213.58041599999999,13.383545999999999
K2-38 b,19.069679999999998,1.9055300000000002
XO-6 b,1398.4432,23.20263
TIC 237913194 b,617.2219759999999,12.520453
HAT-P-33 b,292.40175999999997,20.73665
Kepler-99 b,6.0387319999999995,1.4795880000000001
TrES-4 b,247.90583999999998,18.046490000000002
WASP-119 b,390.92843999999997,15.692599999999999
HATS-48 A b,77.232204,8.9672
TOI-216.02,29.99978492,7.689374
HATS-27 b,168.44884,16.813499999999998
HAT-P-34 b,1058.36724,13.417173
Kepler-109 c,21.79982252,2.522025
Kepler-462 b,53.90045051999999,3.004012
Kepler-223 c,5.101139399999999,3.441163
KELT-2 A b,540.3076,15.132150000000001
HATS-14 b,340.393788,11.646150999999998
Kepler-80 e,4.128585719999999,1.6028869999999997
Kepler-422 b,136.66603999999998,12.890349999999998
WASP-3 b,772.32204,15.91678
WASP-132 b,130.30947999999998,9.75183
TOI-169 b,251.401948,12.172974
Kepler-1656 b,48.59907947999999,5.021632
WASP-159 b,174.8054,15.468419999999998
HD 219666 b,16.60015644,4.70778
Kepler-411 d,15.19853496,3.3178639999999997
EPIC 249893012 d,10.18003084,3.9455679999999997
NGTS-12 b,66.10822399999999,11.747032
HIP 65426 b,2860.4519999999998,16.813499999999998
CoRoT-16 b,170.03798,13.114529999999998
Kepler-74 b,200.23164,10.760639999999999
Kepler-426 b,108.06152,12.21781
WASP-31 b,151.92178399999997,17.362741
WASP-43 b,565.73384,10.42437
WASP-75 b,340.07596,14.23543
XO-2 N b,179.89064799999997,11.130537
HD 23472 b,17.919142639999997,1.871903
CoRoT-31 b,266.97551999999996,16.36514
WASP-184 b,181.16195999999997,14.90797
WASP-150 b,2688.82488,11.99363
HD 2685 b,371.85875999999996,16.14096
TOI-481 b,486.27684,11.09691
GJ 436 b,22.24796,4.169748
Kepler-122 f,35.914564,1.748604
Kepler-76 b,638.8342799999999,15.244240000000001
K2-29 b,232.01443999999998,13.338709999999999
Kepler-307 c,3.6391305999999997,2.196964
Qatar-2 b,792.663032,14.056085999999999
WASP-39 b,88.99184,14.23543
WASP-97 b,432.24608,12.778259999999998
WASP-169 b,178.301508,14.616536
WASP-185 b,311.47144,14.01125
WASP-144 b,139.84431999999998,9.52765
HD 80653 b,5.6001293599999995,1.6140959999999998
HAT-P-14 b,1093.3283199999998,15.91678
Kepler-75 b,3210.0627999999997,11.76945
HAT-P-11 b,23.39849736,4.360301
Kepler-11 d,7.3100439999999995,3.116102
Kepler-48 b,3.9410671999999995,1.8831120000000001
KOI-55 c,0.6674387999999999,0.863093
WASP-35 b,225.65787999999998,14.5717
WASP-45 b,306.38619199999994,10.603713999999998
WASP-80 b,170.991464,11.197791
WASP-71 b,441.7809199999999,13.226619999999999
GJ 143 b,22.69927576,2.611697
K2-266 e,14.29908172,2.7349959999999998
WASP-141 b,854.9573199999999,13.56289
pi Men c,4.821450759999999,2.040038
HATS-26 b,206.5882,19.61575
TOI-837 b,381.39359999999994,8.63093
HAT-P-44 b,111.87545599999999,13.921578
Kepler-24 b,508.52479999999997,2.398726
Kepler-95 b,13.030947999999999,3.418745
HAT-P-7 b,584.8035199999999,16.92559
Kepler-277 b,87.4027,2.925549
Kepler-414 c,29.875832,3.015221
WASP-47 d,13.10087016,3.575671
WASP-21 b,95.34839999999998,11.99363
WASP-55 b,193.87507999999997,14.90797
KPS-1 b,346.43252,11.54527
CoRoT-9 b,266.97551999999996,11.948794
HAT-P-29 b,279.68863999999996,13.114529999999998
HAT-P-28 b,198.96032799999998,13.585308
HAT-P-39 b,190.37897199999998,17.609339
WASP-49 b,117.59635999999999,12.44199
WASP-160 B b,88.356184,12.21781
Qatar-7 b,597.5166399999999,19.0553
WASP-120 b,1541.4657999999997,16.510857
LHS 1140 b,6.979502879999999,1.726186
HATS-6 b,101.387132,11.186582
HD 189733 b,359.14563999999996,12.66617
KOI-94 c,15.573571999999999,4.315465
WASP-90 b,200.23164,18.27067
Kepler-62 c,4.1317639999999995,0.538032
KELT-10 b,215.805212,15.681391
HD 219134 c,4.36060016,1.513215
TOI-125 b,9.499878919999999,2.7237869999999997
HATS-47 b,117.27853199999998,12.520453
WASP-85 A b,402.0524199999999,13.89916
HATS-32 b,292.40175999999997,14.000041000000001
WASP-130 b,390.92843999999997,9.97601
Kepler-177 b,5.838500359999999,3.497208
HAT-P-13 b,270.47162799999995,14.257848
Kepler-24 c,508.52479999999997,2.80225
Kepler-30 b,11.441807999999998,3.9007319999999996
KOI-142 b,9.534839999999999,3.441163
GU Psc b,3591.4564,14.179384999999998
KOI-13 b,2949.4438399999995,16.948007999999998
Kepler-60 b,4.18897304,1.714977
Kepler-289 d,4.1317639999999995,2.6789509999999996
Kepler-307 b,7.44035348,2.432353
WASP-47 e,6.830123719999999,1.804649
WASP-42 b,167.495356,12.576498
WASP-38 b,1093.3283199999998,13.78707
K2-146 c,7.49438424,2.185755
EPIC 246851721 b,953.4839999999999,11.780658999999998
GJ 9827 b,4.9104426,1.580469
Wendelstein-2 b,232.33226799999997,12.991230999999999
WASP-176 b,271.74294,16.869545
WASP-145 A b,282.86692,10.0881
TOI-132 b,22.400517439999998,3.418745
KELT-16 b,874.0269999999999,15.860735
TOI-824 b,18.4658068,2.925549
NGTS-9 b,921.7011999999999,11.99363
Kepler-117 c,584.8035199999999,12.341109
HAT-P-24 b,238.37099999999998,14.5717
Kepler-26 c,6.200824279999999,2.7237869999999997
Kepler-43 b,1026.5844399999999,13.663771
Kepler-55 b,473.56371999999993,2.432353
Kepler-396 b,75.643064,3.497208
Kepler-416 b,58.16252399999999,2.477189
SWEEPS-11 b,3082.9315999999994,12.66617
WASP-13 b,114.41807999999999,13.67498
WASP-28 b,288.269996,13.596517
HATS-67 b,460.85059999999993,18.887165
TOI-561 b,1.58914,1.423543
K2-77 b,603.8731999999999,2.2978449999999997
WASP-164 b,676.9736399999999,12.643752
TOI-1728 b,26.78018728,5.055259
NGTS-4 b,20.598432680000002,3.1833559999999994
TOI-251 b,317.828,2.7349959999999998
HAT-P-25 b,180.84413199999997,12.722215
Kepler-117 b,29.875832,8.059270999999999
Kepler-102 e,8.899184,2.219382
Kepler-102 d,3.813936,1.176945
TRAPPIST-1 c,1.37937352,1.0536459999999999
HAT-P-50 b,429.0678,14.437192
HAT-P-57 b,448.1374799999999,19.50366
Kepler-11 g,25.108411999999998,3.3290729999999997
Kepler-59 c,435.42436,1.983993
Kepler-434 b,908.9880799999999,12.66617
WASP-95 b,457.67231999999996,13.78707
K2-66 b,21.300832559999996,2.488398
HD 106315 b,12.59870192,2.443562
Kepler-1661 b,17.00061972,3.8671049999999996
WASP-53 b,677.609296,12.038466
HAT-P-22 b,785.03516,12.890349999999998
HIP 116454 b,12.71312,2.46598
Kepler-106 b,5.301371039999999,0.8182569999999999
Kepler-11 f,1.906968,2.488398
Kepler-37 c,12.00118528,0.751003
HAT-P-55 b,184.97589599999998,13.249037999999999
OGLE-TR-132 b,375.03703999999993,13.4508
K2-238 b,273.33207999999996,14.5717
K2-232 b,126.495544,11.209
K2-266 d,8.899184,2.925549
WASP-165 b,209.130824,14.123339999999999
WASP-91 b,425.88952,11.54527
LTT 3780 b,2.61890272,1.3338709999999998
BD+20 594 b,22.24796,2.57807
HAT-P-27 b,197.05335999999997,11.43318
HAT-P-42 b,331.812432,14.34752
Kepler-92 c,6.0387319999999995,2.600488
Kepler-103 c,36.232392,5.144931
HATS-10 b,167.177528,10.861521
Kepler-82 c,13.898618439999998,5.335483999999999
K2-24 c,15.398766599999998,7.498821
Kepler-328 b,28.604519999999997,2.2978449999999997
WASP-32 b,835.8876399999999,10.760639999999999
TOI-905 b,211.991276,13.125739
TOI-776 c,5.301371039999999,2.01762
GJ 1252 b,2.0913082399999996,1.188154
HATS-55 b,292.719588,14.022458999999998
K2-216 b,7.999730759999999,1.748604
WASP-81 b,231.696612,16.017661
TRAPPIST-1 f,0.6801519199999999,1.042437
EPIC 249893012 b,8.74980484,1.9503659999999998
HATS-60 b,210.40213599999998,12.923977
WASP-187 b,254.26239999999999,18.382759999999998
K2-141 b,5.07889144,1.513215
HAT-P-1 b,166.8597,14.784671
CoRoT-6 b,940.7708799999999,13.069693999999998
HAT-P-31 b,721.46956,12.21781
Kepler-80 b,6.9286503999999995,2.6677419999999996
Kepler-223 b,7.399035839999999,2.992803
Kepler-37 d,12.20141692,1.9391569999999998
KOI-12 b,349.6108,13.78707
OGLE2-TR-L9 b,1430.2259999999999,18.046490000000002
HATS-66 b,1694.02324,15.815899
TOI-561 e,15.999461519999999,2.6677419999999996
HATS-42 b,597.5166399999999,15.692599999999999
WASP-142 b,266.97551999999996,17.14977
KELT-18 b,375.03703999999993,17.59813
K2-263 b,14.801249959999998,2.409935
WASP-148 b,92.48794799999999,8.092898
WASP-156 b,40.681984,5.71659
HATS-22 b,870.84872,10.682177
Kepler-18 c,17.162712,5.49241
Kepler-106 e,11.12398,2.555652
Kepler-79 e,4.1317639999999995,3.485999
Kepler-78 b,1.9673553199999998,1.1209
Kepler-17 b,778.6786,14.68379
Kepler-407 b,3.20052796,1.0648549999999999
HD 23472 c,17.1786034,2.152128
HATS-70 b,4099.9812,15.513255999999998
NGTS-2 b,235.19271999999998,17.878355
HATS-49 b,112.19328399999999,8.574885
HATS-35 b,388.385816,16.409976
TOI-776 b,4.00145452,1.849485
GJ 9827 c,0.8390659199999999,1.244199
MASCARA-1 b,1175.9636,16.813499999999998
KELT-23 A b,298.122664,14.829507
EPIC 249893012 c,14.670940479999999,3.665343
NGTS-8 b,295.58004,12.21781
KELT-11 b,54.348588,15.132150000000001
HAT-P-15 b,616.5863199999999,11.88154
Kepler-51 c,4.1317639999999995,9.000827000000001
Kepler-51 b,2.224796,7.0952969999999995
Kepler-54 b,292.40175999999997,2.096083
Kepler-415 b,119.82115599999999,1.210572
Kepler-414 b,3.4961079999999995,1.714977
Kepler-538 b,10.599563799999999,2.219382
Kepler-453 b,15.999461519999999,6.198577
WASP-101 b,162.09228,16.028869999999998
XO-7 b,225.34005199999996,15.389956999999999
KOI-1783.02,15.001481599999998,5.4363649999999994
Kepler-1655 b,4.99943444,2.208173
KELT-24 b,1646.3490399999998,14.257848
WASP-158 b,886.7401199999999,11.99363
K2-285 c,15.678455239999998,3.5308349999999997
WASP-161 b,791.39172,12.811887
WASP-180 A b,286.04519999999997,13.89916
TRAPPIST-1 e,0.6197645999999999,0.919138
KOI-1599.02,9.00088896,1.9055300000000002
NGTS-1 b,258.07633599999997,14.90797
EPIC 246193072 b,82.63528,8.675766
CoRoT-3 b,6884.154479999999,11.32109
HATS-4 b,420.48644399999995,11.43318
Kepler-29 c,4.50044448,2.342681
Kepler-29 b,4.99943444,2.544443
Kepler-32 b,1303.0947999999999,2.196964
Kepler-27 c,4386.0264,4.898333
HD 219134 b,4.7388154799999995,1.6028869999999997
Kepler-419 b,794.5699999999999,10.760639999999999
TrES-3 b,607.05148,14.975224
WASP-36 b,750.3919080000001,14.874343
WASP-84 b,220.57263199999997,10.558877999999998
WASP-72 b,731.0043999999999,14.45961
WASP-117 b,95.34839999999998,11.88154
TOI-125 c,6.629892079999999,2.757414
WASP-92 b,255.85154,16.376349
WASP-177 b,161.45662399999998,17.71022
CoRoT-21 b,718.2912799999999,14.5717
TOI-421 c,16.41899448,5.088886
KELT-12 b,301.93659999999994,19.95202
Kepler-128 b,0.7691437599999998,1.434752
Kepler-26 b,5.1202090799999995,2.779832
KOI-94 b,10.488324,1.714977
Kepler-105 c,4.59897116,1.311453
Kepler-114 c,2.8604519999999996,1.6028869999999997
KELT-3 b,616.5863199999999,17.48604
K2-18 b,8.92143196,2.365099
Kepler-11 e,7.9456999999999995,4.192166
Kepler-41 b,177.98368,14.45961
K2-24 b,18.999757839999997,5.402737999999999
Kepler-408 b,4.99943444,0.8182569999999999
KOI-1257 b,460.85059999999993,10.53646
Kepler-305 c,6.0387319999999995,3.2954459999999997
WASP-89 b,1875.1852,11.65736
Kepler-238 f,13.348775999999999,1.995202
HD 136352 b,4.62121912,1.4795880000000001
K2-111 b,5.2886579199999995,1.815858
Kepler-1654 b,158.914,9.180171
KELT-20 b,1074.894296,19.514869
HAT-P-5 b,311.47144,13.56289
HAT-P-6 b,419.53296,16.58932
CoRoT-28 b,153.82875199999998,10.704595
HAT-P-37 b,371.540932,13.204201999999999
Kepler-25 c,15.223961199999998,5.212185
Kepler-96 b,8.581356,2.6677419999999996
Kepler-46 b,1906.9679999999998,9.056872
Kepler-82 b,12.150564439999998,4.068867
Kepler-433 b,896.2749599999999,16.253049999999998
WASP-2 b,295.897868,12.116928999999999
Kepler-238 e,169.72015199999998,5.6045
WASP-64 b,403.95938799999993,14.246638999999998
WASP-70 A b,187.51851999999997,13.047275999999998
WASP-82 b,371.85875999999996,18.15858
WASP-106 b,514.88136,11.43318
WASP-163 b,594.33836,13.473218
HD 221416 b,60.387319999999995,9.370724
NGTS-10 b,687.1441359999999,13.506845
WASP-121 b,375.990524,20.904785
LTT 9779 b,29.319632999999996,4.718989
K2-141 c,7.399035839999999,6.994416
HAT-P-21 b,1547.82236,12.44199
CoRoT-29 b,270.1538,10.0881
Kepler-20 c,12.75125936,3.048848
Kepler-22 b,35.914564,2.376308
Kepler-30 d,23.201443999999995,8.799065
HD 209458 b,232.01443999999998,15.580509999999999
Kepler-98 b,3.4961079999999995,1.995202
Kepler-101 b,50.85248,5.71659
Kepler-100 d,3.00029632,1.6140959999999998
TRAPPIST-1 b,0.84860076,1.087273
GQ Lup b,6356.5599999999995,33.626999999999995
Kepler-279 d,37.50370399999999,3.104893
OGLE-TR-113 b,400.46328,12.251437
K2-60 b,135.394728,7.655747000000001
HATS-41 b,3082.9315999999994,14.90797
WASP-113 b,150.96829999999997,15.793481
WASP-182 b,47.038543999999995,9.52765
HATS-46 b,54.98424399999999,10.121727
HATS-52 b,711.93472,15.490837999999998
HD 332231 b,77.55003199999999,9.718202999999999
K2-285 d,6.499582599999999,2.477189
HAT-P-8 b,406.81984,15.692599999999999
CoRoT-14 b,2415.4927999999995,12.21781
HD 219134 f,7.30050916,1.311453
Kepler-109 b,7.30050916,2.365099
Kepler-113 c,8.698952359999998,2.174546
CT Cha b,5403.075999999999,24.6598
Kepler-53 b,5851.213479999999,2.891922
Kepler-57 b,5994.23608,2.185755
Kepler-62 d,13.984431999999998,1.9503659999999998
Kepler-409 b,22.000054159999998,1.188154
Kepler-427 b,92.17011999999998,13.78707
WASP-16 b,394.10671999999994,13.67498
TOI-677 b,392.835408,13.114529999999998
HATS-43 b,82.953108,13.226619999999999
Qatar-6 b,212.309104,11.903958
PDS 70 b,953.4839999999999,30.488480000000003
HATS-17 b,425.25386399999996,8.709393
Kepler-58 b,441.7809199999999,2.779832
Kepler-396 c,17.798368,5.301856999999999
WASP-26 b,270.1538,13.56289
WASP-44 b,276.51036,12.3299
WASP-33 b,665.2140039999999,17.855937
WASP-78 b,352.78908,21.63337
XO-4 b,451.31575999999995,14.01125
K2-260 b,451.31575999999995,17.396368
KELT-17 b,416.35468,17.093725
HATS-33 b,378.85097599999995,13.78707
WASP-174 b,413.1764,14.5717
WASP-192 b,731.0043999999999,13.78707
K2-137 b,158.914,0.8855109999999999
Kepler-177 c,14.699544999999999,8.731811
CoRoT-7 b,4.07773324,1.68135
HAT-P-38 b,84.86007599999999,9.247425
Kepler-18 b,6.992215999999999,1.995202
Kepler-97 b,3.4961079999999995,1.4795880000000001
Kepler-79 c,6.0387319999999995,3.721388
Kepler-44 b,317.828,12.21781
XO-5 b,378.21531999999996,12.778259999999998
Kepler-282 e,56.25555599999999,3.104893
Kepler-424 b,327.36284,9.97601
WASP-5 b,502.16823999999997,12.184182999999999
HATS-64 b,305.11487999999997,18.819911
LTT 1445 A b,2.1993697599999997,1.378707
Qatar-10 b,233.92140799999999,17.295486999999998
NGTS-3 A b,756.4306399999999,16.58932
WASP-167 b,2542.624,17.71022
NGTS-6 b,425.5716919999999,14.863134
WD 1856+534 b,4386.0264,10.401952
KOI-1599.01,4.59897116,1.9055300000000002
CoRoT-1 b,327.36284,16.70141
Kepler-92 b,64.201256,3.5084169999999997
Kepler-36 b,3.8298273999999997,1.502006
Kepler-40 b,699.2216,13.114529999999998
Kepler-447 b,435.42436,18.49485
WASP-8 b,807.2831199999999,12.66617
WASP-11 b,251.08411999999998,12.44199
WASP-57 b,204.681232,11.76945
WASP-63 b,117.59635999999999,15.804689999999999
WASP-61 b,851.77904,15.804689999999999
WASP-67 b,136.66603999999998,12.890349999999998
K2-329 b,82.63528,8.675766
CoRoTID 223977153 b,47.67419999999999,6.389129999999999
HATS-44 b,177.98368,11.960002999999999
HATS-45 b,222.47959999999998,14.414774
PDS 70 c,635.656,22.86636
HATS-58 A b,327.36284,12.273855
CoRoT-27 b,3302.23292,11.287462999999999
HAT-P-49 b,699.2216,17.82231
HAT-P-41 b,378.21531999999996,22.97845
HD 149026 b,120.77463999999999,8.29466
Kepler-80 c,6.741131879999999,2.7349959999999998
Kepler-37 b,3.17828,0.29143399999999997
Kepler-48 d,7.9456999999999995,2.040038
Kepler-54 c,117.59635999999999,1.23299
Kepler-423 b,189.10765999999998,13.361127999999999
OGLE-TR-211 b,327.36284,15.244240000000001
SWEEPS-4 b,1207.7463999999998,9.07929
WASP-99 b,772.32204,11.43318
HATS-63 b,305.11487999999997,13.529263
Wendelstein-1 b,188.15417599999998,11.556479
WASP-172 b,149.37915999999998,17.59813
LHS 1140 c,1.8084413199999998,1.277826
HD 213885 b,8.82926184,1.748604
HATS-61 b,1080.6152,13.394755
HAT-P-4 b,213.262588,14.280266
HAT-P-23 b,425.88952,12.21781
CoRoT-10 b,874.0269999999999,10.872729999999999
HAT-P-46 b,156.689204,14.392356
Kepler-94 b,10.806151999999999,3.5084169999999997
Kepler-91 b,257.44068,15.322702999999999
Kepler-52 c,3308.5894799999996,1.838276
Kepler-58 c,696.0433199999999,2.858295
Kepler-413 b,67.061708,4.349092
WASP-73 b,908.9880799999999,15.91678
K2-292 b,24.50136052,2.634115
HD 15337 c,8.11097056,2.387517
KELT-19 A b,1293.55996,21.40919
WASP-168 b,133.48775999999998,16.813499999999998
K2-285 b,9.68104088,2.589279
GJ 3473 b,1.8592937999999999,1.266617
HD 80606 b,1392.0866399999998,11.99363
HR 8799 c,3178.2799999999997,13.4508
HAT-P-51 b,98.208852,14.493236999999999
Kepler-7 b,140.162148,18.180998
Kepler-10 b,4.608506,1.4795880000000001
Kepler-14 b,2669.7552,12.733423999999998
Kepler-52 b,2765.1035999999995,2.096083
Kepler-276 c,16.527055999999998,2.903131
K2-27 b,30.89923816,4.4836
WTS-2 b,355.96736,15.277866999999999
HD 106315 c,15.19853496,4.349092
HAT-P-67 b,108.06152,23.370765
HD 95338 b,42.43957284,3.8895229999999996
MASCARA-4 b,985.2668,17.14977
HATS-3 b,340.393788,15.479629
KOI-94 e,34.961079999999995,6.557264999999999
TRAPPIST-1 d,0.40999811999999997,0.773421
Kepler-49 c,228.83615999999998,2.544443
WASP-124 b,190.69679999999997,13.89916
TOI-561 f,3.00029632,2.3202629999999997
EPIC 248847494 b,4131.763999999999,12.44199
TOI-561 c,5.39989772,2.880713
HATS-18 b,629.1405259999999,14.896761
HD 89345 b,34.961079999999995,7.39794
K2-33 b,1175.9636,5.04405
LP 714-47 b,30.800711479999997,4.696571
TOI-942 c,794.5699999999999,5.795053
HAT-P-26 b,22.24796,7.0616699999999994
HD 17156 b,1115.5762799999998,12.3299
Kepler-100 b,7.3100439999999995,1.3226619999999998
Kepler-107 d,3.8012228799999996,0.863093
Kepler-87 b,324.18456,13.495636
Kepler-432 b,1719.44948,12.834305
K2-30 b,184.02241199999997,11.646150999999998
WASP-7 b,305.11487999999997,14.90797
K2-22 b,444.95919999999995,2.499607
CoRoT-30 b,921.7011999999999,11.309880999999999
HATS-7 b,38.139359999999996,6.310667
HATS-53 b,189.10765999999998,15.02006
HATS-30 b,224.38656799999998,13.170575
TOI-763 c,9.31871696,2.634115
HAT-P-18 b,62.612116,11.152955
HAT-P-19 b,92.80577599999998,12.688587999999998
CoRoT-22 b,12.077463999999999,4.875915
HATS-2 b,427.47865999999993,13.092111999999998
Kepler-28 c,432.24608,3.396327
Kepler-101 c,3.17828,1.255408
Kepler-114 d,3.813936,2.533234
Kepler-62 b,9.534839999999999,1.311453
KOI-55 b,0.44495919999999994,0.762212
WASP-24 b,394.10671999999994,15.468419999999998
WASP-96 b,152.55743999999999,13.4508
K2-290 c,245.99887199999998,11.276254
WASP-140 b,775.5003199999999,16.14096
HATS-50 b,123.95291999999999,12.66617
Qatar-8 b,117.914188,14.403564999999999
GJ 357 b,1.8402241199999998,1.221781
CoRoT-5 b,148.425676,15.558091999999998
Kepler-9 b,43.3994134,8.29466
TrES-2 b,473.56371999999993,15.244240000000001
Kepler-38 b,122.045952,4.304256
Kepler-36 c,7.128882039999999,3.676552
PH1 b,168.76666799999998,6.176159
Kepler-406 b,6.35656,1.434752
Kepler-289 c,133.48775999999998,11.590106
WASP-20 b,98.84450799999999,16.387558
HAT-P-66 b,248.859324,17.82231
K2-295 b,106.47238,10.054473
WASP-138 b,387.75015999999994,12.21781
WASP-162 b,1652.7056,11.209
L 168-9 b,4.59897116,1.389916
HATS-16 b,1039.29756,14.5717
TOI-421 b,7.17019968,2.6789509999999996
TOI-942 b,826.3528,4.808661
TYC 8998-760-1 c,1906.9679999999998,12.3299
HAT-P-32 b,216.12304,22.19382
CoRoT-4 b,228.83615999999998,13.338709999999999
HATS-5 b,75.32523599999999,10.222608
Kepler-31 c,1493.7916,5.301856999999999
Kepler-27 b,2895.41308,4.001613
Kepler-100 c,7.049425039999999,2.196964
Kepler-55 c,352.78908,2.208173
Kepler-60 d,4.16036852,1.995202
Kepler-406 c,2.8604519999999996,0.851884
Kepler-1514 b,1678.13184,12.419572
WASP-29 b,73.10043999999999,8.63093
WASP-65 b,492.6334,12.464408
K2-291 b,6.4900477599999995,1.5916779999999997
K2-261 b,70.875644,9.52765
Kepler-1658 b,1868.8286399999997,11.99363
WASP-181 b,95.03057199999999,13.271455999999999
WASP-170 b,508.52479999999997,12.285064
LTT 3780 c,8.600425679999999,2.2978449999999997
K2-132 b,155.73572,14.5717
KOI-3680 b,613.4080399999999,11.09691
Kepler-138 b,0.06674387999999999,0.5268229999999999
Kepler-106 c,10.488324,2.499607
Kepler-51 d,7.627872,9.695784999999999
Kepler-56 b,22.24796,6.512428999999999
Kepler-279 c,49.26333999999999,4.304256
Kepler-411 b,25.601045399999997,2.398726
HATS-8 b,43.860264,9.785457
WASP-52 b,146.20087999999998,14.23543
WASP-58 b,308.29315999999994,16.028869999999998
WASP-79 b,270.1538,18.71903
HATS-51 b,244.091904,15.804689999999999
HD 86226 c,7.249656679999999,2.163337
HAT-P-12 b,67.061708,10.749431
HAT-P-3 b,206.5882,10.53646
CoRoT-24 b,5.720903999999999,3.69897
HAT-P-35 b,335.626368,14.930388
Kepler-145 c,79.457,4.315465
Kepler-145 b,37.185876,2.6453239999999996
Kepler-102 b,4.3002128399999995,0.47077800000000003
KELT-6 b,165.27056,14.5717
Kepler-454 b,6.0546234,2.35389
Kepler-60 c,3.8488970799999995,1.9055300000000002
Kepler-338 e,8.581356,1.558051
WASP-25 b,139.84431999999998,11.99363
XO-1 b,263.79724,12.778259999999998
HD 21749 c,3.6995179199999995,0.89672
HATS-39 b,200.23164,17.59813
HIP 65 A b,1021.1813639999999,22.754269999999998
TOI-125 d,13.599860119999999,2.925549
HATS-57 b,1000.2047159999998,12.767051
CoRoT-2 b,1102.8631599999999,16.432394
HAT-P-54 b,241.54927999999998,10.581295999999998
Kepler-28 b,479.92028,3.598089
Kepler-20 d,10.068791039999999,2.746205
Kepler-16 b,105.836724,8.451585999999999
WASP-76 b,292.40175999999997,20.51247
WASP-22 b,212.94476,13.78707
WASP-14 b,2809.5995199999998,15.468419999999998
WASP-48 b,254.26239999999999,16.813499999999998
WASP-100 b,400.46328,14.90797
L 98-59 d,2.31060956,1.56926
WASP-166 b,32.100628,7.0616699999999994
CoRoT-11 b,740.53924,16.028869999999998
CoRoT-19 b,352.78908,14.45961
Kepler-80 d,6.750666719999999,1.524424
Kepler-5 b,670.9349080000001,15.984034
Kepler-39 b,6388.3428,13.89916
WASP-6 b,117.59635999999999,11.54527
TrES-1 b,266.97551999999996,12.66617
WASP-12 b,465.61802,21.711833
XO-3 b,2316.96612,15.804689999999999
TOI-954 b,55.30207199999999,9.550068
